FIELD OF STUDY NAME,CF FIELD OF STUDY RELATED ID,,,CF FIELD OF STUDY ID,CF FIELD OF STUDY NAME,,Latest Field of study 03/08/2022,Has been assigned,,LEVEL OF STUDY NAME,CF LEVEL OF STUDY RELATED ID,,CF LEVEL OF STUDY ID,CF LEVEL OF STUDY NAME,,Latest Level of study 03/08/2022,Has been assigned
computer science,computer_science,,,anthropology,Anthropology,,computer science,TRUE,,master,master,,bachelor,Bachelor,,master,TRUE
mathematics,mathematics,,,archaeology,Archaeology,,mathematics,TRUE,,bachelor,bachelor,,master,Master,,bachelor,TRUE
physics,physics,,,history,History,,physics,TRUE,,phd,phd,,phd,PhD,,phd,TRUE
economics,business_administration_economics,,,linguistics_and_languages,Linguistics and Languages,,economics,TRUE,,alumni,master,,,,,alumni,TRUE
mechanical engineering,mechanical_engineering,,,philosophy,Philosophy,,mechanical engineering,TRUE,,other,master,,,,,other,TRUE
other,other,,,religion,Religion,,other,TRUE,,bsc,bachelor,,,,,bsc,TRUE
chemistry,chemistry,,,literature_arts,Literature & Arts,,chemistry,TRUE,,msc,master,,,,,msc,TRUE
law,law,,,business_administration_economics,Business Administration & Economics,,law,TRUE,,alumnus,master,,,,,alumnus,TRUE
biology,life_sciences,,,geography,Geography,,biology,TRUE,,postdoc,phd,,,,,postdoc,TRUE
electrical engineering,electrical_engineering,,,political_science,Political science,,electrical engineering,TRUE,,mba,master,,,,,mba,TRUE
business administration,business_administration_economics,,,psychology,Psychology,,business administration,TRUE,,experience (3-5years),master,,,,,experience (3-5years),TRUE
accounting,finance,,,sociology,Sociology,,accounting,TRUE,,experienced (0-2 years),master,,,,,experienced (0-2 years),TRUE
social sciences,sociology,,,life_sciences,Life Sciences,,social sciences,TRUE,,assessment,bachelor,,,,,assessment,TRUE
psychology,psychology,,,chemistry,Chemistry,,psychology,TRUE,,a-levels,bachelor,,,,,a-levels,TRUE
banking & finance,finance,,,earth_sciences,Earth sciences,,banking & finance,TRUE,,ph.d.,phd,,,,,ph.d.,TRUE
marketing / communication,journalism_media_studies_and_communication,,,physics,Physics,,marketing / communication,TRUE,,experienced professional,master,,,,,experienced professional,TRUE
data science,computer_science,,,space_sciences,Space sciences,,data science,TRUE,,experienced,master,,,,,experienced,TRUE
engineering,mechanical_engineering,,,astronomy,Astronomy,,engineering,TRUE,,1ère année,bachelor,,,,,1ère année,TRUE
business,business_administration_economics,,,computer_science,Computer Science,,business,TRUE,,2ème année,bachelor,,,,,2ème année,TRUE
architecture,architecture_and_design,,,mathematics,Mathematics,,architecture,TRUE,,3ème année,bachelor,,,,,3ème année,TRUE
finance,finance,,,systems_science,Systems Science,,finance,TRUE,,4ème année,master,,,,,4ème année,TRUE
civil engineering,civil_engineering,,,agriculture,Agriculture,,civil engineering,TRUE,,5ème année,master,,,,,5ème année,TRUE
marketing,journalism_media_studies_and_communication,,,architecture_and_design,Architecture and Design,,marketing,TRUE,,bac+2,bachelor,,,,,bac+2,TRUE
materials sciences,materials_science_and_engineering,,,divinity,Divinity,,materials sciences,TRUE,,bac+3,bachelor,,,,,bac+3,TRUE
medicine,medicine,,,education,Education,,medicine,TRUE,,bac+4,master,,,,,bac+4,TRUE
communication,journalism_media_studies_and_communication,,,chemical_engineering,Chemical engineering,,communication,TRUE,,bac+5,master,,,,,bac+5,TRUE
biomedical engineering,life_sciences,,,materials_science_and_engineering,Materials science and engineering,,biomedical engineering,TRUE,,bachelor 1st-2nd year,bachelor,,,,,bachelor 1st-2nd year,TRUE
life sciences,life_sciences,,,mechanical_engineering,Mechanical engineering,,life sciences,TRUE,,bachelor 3rd year,bachelor,,,,,bachelor 3rd year,TRUE
information and technology,computer_science,,,civil_engineering,Civil engineering,,information and technology,TRUE,,alumni zhaw,bachelor,,,,,alumni zhaw,TRUE
health sciences,medicine,,,electrical_engineering,Electrical engineering,,health sciences,TRUE,,bachelorstudent*in zhaw,bachelor,,,,,bachelorstudent*in zhaw,TRUE
banking and finance,finance,,,environmental_studies_and_forestry,Environmental studies and forestry,,banking and finance,TRUE,,gast,bachelor,,,,,gast,TRUE
sociology,sociology,,,human_physical_performance_and_recreation,Human physical performance and recreation,,sociology,TRUE,,masterstudent*in zhaw,master,,,,,masterstudent*in zhaw,TRUE
political sciences,political_science,,,journalism_media_studies_and_communication,"Journalism, media studies and communication",,political sciences,TRUE,,mitarbeiter*in zhaw,master,,,,,mitarbeiter*in zhaw,TRUE
informatik,computer_science,,,law,Law,,informatik,TRUE,,diploma,master,,,,,diploma,TRUE
environmental sciences,environmental_studies_and_forestry,,,medicine,Medicine,,environmental sciences,TRUE,,pre-master,bachelor,,,,,pre-master,TRUE
marketing/communication,journalism_media_studies_and_communication,,,military_sciences,Military sciences,,marketing/communication,TRUE,,bachelor (hbo),bachelor,,,,,bachelor (hbo),TRUE
digital,computer_science,,,public_administration,Public administration,,digital,TRUE,,bachelor (wo),bachelor,,,,,bachelor (wo),TRUE
business informatics,business_engineering,,,transportation,Transportation,,business informatics,TRUE,,master (hbo),master,,,,,master (hbo),TRUE
geography,geography,,,finance,Finance,,geography,TRUE,,master (wo),master,,,,,master (wo),TRUE
environmental engineering,environmental_studies_and_forestry,,,business_engineering,Business Engineering,,environmental engineering,TRUE,,young professionals,master,,,,,young professionals,TRUE
theology,religion,,,luxury_fashion,Luxury & Fashion,,theology,TRUE,,professional (1-2 years),master,,,,,professional (1-2 years),TRUE
philosophy,philosophy,,,other,Other,,philosophy,TRUE,,professional (3-5 years),master,,,,,professional (3-5 years),TRUE
chemical engineering,chemistry,,,,,,chemical engineering,TRUE,,professional (5-10 years),master,,,,,professional (5-10 years),TRUE
bauingenieurwesen,civil_engineering,,,,,,bauingenieurwesen,TRUE,,professional (>10 years),master,,,,,professional (>10 years),TRUE
maschinenbau,mechanical_engineering,,,,,,maschinenbau,TRUE,,,,,,,,,
mathematik,mathematics,,,,,,mathematik,TRUE,,,,,,,,,
physik,physics,,,,,,physik,TRUE,,,,,,,,,
cyber security,computer_science,,,,,,cyber security,TRUE,,,,,,,,,
international business,business_administration_economics,,,,,,international business,TRUE,,,,,,,,,
information technology and electrical engineering,computer_science,,,,,,information technology and electrical engineering,TRUE,,,,,,,,,
mechanical and process engineering,mechanical_engineering,,,,,,mechanical and process engineering,TRUE,,,,,,,,,
"management, technology and economics",business_administration_economics,,,,,,"management, technology and economics",TRUE,,,,,,,,,
environmental systems sciences,environmental_studies_and_forestry,,,,,,environmental systems sciences,TRUE,,,,,,,,,
"humanities, social and political science",sociology,,,,,,"humanities, social and political science",TRUE,,,,,,,,,
accounting & finance,finance,,,,,,accounting & finance,TRUE,,,,,,,,,
sustainability,environmental_studies_and_forestry,,,,,,sustainability,TRUE,,,,,,,,,
physique,physics,,,,,,physique,TRUE,,,,,,,,,
sonstige,other,,,,,,sonstige,TRUE,,,,,,,,,
technical chemistry,chemistry,,,,,,technical chemistry,TRUE,,,,,,,,,
technical physics,physics,,,,,,technical physics,TRUE,,,,,,,,,
droit,law,,,,,,droit,TRUE,,,,,,,,,
economie,business_administration_economics,,,,,,economie,TRUE,,,,,,,,,
psychologie,psychology,,,,,,psychologie,TRUE,,,,,,,,,
"central institute of engineering, electronics and analytics (zea)",electrical_engineering,,,,,,"central institute of engineering, electronics and analytics (zea)",TRUE,,,,,,,,,
ernst ruska-centre for microscopy and spectroscopy with electrons (er-c),physics,,,,,,ernst ruska-centre for microscopy and spectroscopy with electrons (er-c),TRUE,,,,,,,,,
institute for advanced simulation (ias),computer_science,,,,,,institute for advanced simulation (ias),TRUE,,,,,,,,,
institute of bio- and geosciences (ibg),life_sciences,,,,,,institute of bio- and geosciences (ibg),TRUE,,,,,,,,,
institute of biological information processing (ibi),life_sciences,,,,,,institute of biological information processing (ibi),TRUE,,,,,,,,,
institute of energy and climate research (iek),earth_sciences,,,,,,institute of energy and climate research (iek),TRUE,,,,,,,,,
institute of neuroscience and medicine (inm),medicine,,,,,,institute of neuroscience and medicine (inm),TRUE,,,,,,,,,
jülich centre for neutron science (jcns),physics,,,,,,jülich centre for neutron science (jcns),TRUE,,,,,,,,,
nuclear physics institute (ikp),physics,,,,,,nuclear physics institute (ikp),TRUE,,,,,,,,,
peter grünberg institute (pgi),physics,,,,,,peter grünberg institute (pgi),TRUE,,,,,,,,,
health science,medicine,,,,,,health science,TRUE,,,,,,,,,
chemical and process engineering,chemistry,,,,,,chemical and process engineering,TRUE,,,,,,,,,
computer science and engineering,computer_science,,,,,,computer science and engineering,TRUE,,,,,,,,,
logistics,other,,,,,,logistics,TRUE,,,,,,,,,
wirtschaftswissenschaften,business_administration_economics,,,,,,wirtschaftswissenschaften,TRUE,,,,,,,,,
sozialwissenschaften,sociology,,,,,,sozialwissenschaften,TRUE,,,,,,,,,
philosophie,philosophy,,,,,,philosophie,TRUE,,,,,,,,,
verkehrsingenieurwesen,mechanical_engineering,,,,,,verkehrsingenieurwesen,TRUE,,,,,,,,,
digital humanities,computer_science,,,,,,digital humanities,TRUE,,,,,,,,,
applied mathematics,mathematics,,,,,,applied mathematics,TRUE,,,,,,,,,
systems engineering,computer_science,,,,,,systems engineering,TRUE,,,,,,,,,
it,computer_science,,,,,,it,TRUE,,,,,,,,,
biosystems science and engineering,life_sciences,,,,,,biosystems science and engineering,TRUE,,,,,,,,,
"civil, environmental and geomatic engineering",civil_engineering,,,,,,"civil, environmental and geomatic engineering",TRUE,,,,,,,,,
earth sciences,earth_sciences,,,,,,earth sciences,TRUE,,,,,,,,,
health sciences and technology,medicine,,,,,,health sciences and technology,TRUE,,,,,,,,,
energy and environment,earth_sciences,,,,,,energy and environment,TRUE,,,,,,,,,
business engineering,business_engineering,,,,,,business engineering,TRUE,,,,,,,,,
statistics,mathematics,,,,,,statistics,TRUE,,,,,,,,,
agri-business,business_administration_economics,,,,,,agri-business,TRUE,,,,,,,,,
communications,journalism_media_studies_and_communication,,,,,,communications,TRUE,,,,,,,,,
energy,physics,,,,,,energy,TRUE,,,,,,,,,
healthcare,medicine,,,,,,healthcare,TRUE,,,,,,,,,
infrastructure,mechanical_engineering,,,,,,infrastructure,TRUE,,,,,,,,,
investment banking,finance,,,,,,investment banking,TRUE,,,,,,,,,
manufacturing,mechanical_engineering,,,,,,manufacturing,TRUE,,,,,,,,,
mathematics & natural sciences,mathematics,,,,,,mathematics & natural sciences,TRUE,,,,,,,,,
social sciences & humanities,sociology,,,,,,social sciences & humanities,TRUE,,,,,,,,,
history,history,,,,,,history,TRUE,,,,,,,,,
pharmaceutical sciences,medicine,,,,,,pharmaceutical sciences,TRUE,,,,,,,,,
hr,business_administration_economics,,,,,,hr,TRUE,,,,,,,,,
chemistry and applied bioscience,chemistry,,,,,,chemistry and applied bioscience,TRUE,,,,,,,,,
biologie,life_sciences,,,,,,biologie,TRUE,,,,,,,,,
mathématiques,mathematics,,,,,,mathématiques,TRUE,,,,,,,,,
sciences juridiques,law,,,,,,sciences juridiques,TRUE,,,,,,,,,
science du vivant,life_sciences,,,,,,science du vivant,TRUE,,,,,,,,,
sciences et génie des matériaux,materials_science_and_engineering,,,,,,sciences et génie des matériaux,TRUE,,,,,,,,,
computer science and business informatics,computer_science,,,,,,computer science and business informatics,TRUE,,,,,,,,,
geodesy and geoinformation,architecture_and_design,,,,,,geodesy and geoinformation,TRUE,,,,,,,,,
materials science,materials_science_and_engineering,,,,,,materials science,TRUE,,,,,,,,,
mechanical engineering - economics,mechanical_engineering,,,,,,mechanical engineering - economics,TRUE,,,,,,,,,
process engineering,mechanical_engineering,,,,,,process engineering,TRUE,,,,,,,,,
spatial planning,architecture_and_design,,,,,,spatial planning,TRUE,,,,,,,,,
technical mathematics,mathematics,,,,,,technical mathematics,TRUE,,,,,,,,,
urban and regional planning,public_administration,,,,,,urban and regional planning,TRUE,,,,,,,,,
comptabilité,finance,,,,,,comptabilité,TRUE,,,,,,,,,
science sociales,sociology,,,,,,science sociales,TRUE,,,,,,,,,
biomedicine,life_sciences,,,,,,biomedicine,TRUE,,,,,,,,,
communication sciences,journalism_media_studies_and_communication,,,,,,communication sciences,TRUE,,,,,,,,,
dental medicine,medicine,,,,,,dental medicine,TRUE,,,,,,,,,
human medicine,medicine,,,,,,human medicine,TRUE,,,,,,,,,
popular cultures,sociology,,,,,,popular cultures,TRUE,,,,,,,,,
veterinary medicine,medicine,,,,,,veterinary medicine,TRUE,,,,,,,,,
materials engineering,materials_science_and_engineering,,,,,,materials engineering,TRUE,,,,,,,,,
architektur,architecture_and_design,,,,,,architektur,TRUE,,,,,,,,,
elektrotechnik,electrical_engineering,,,,,,elektrotechnik,TRUE,,,,,,,,,
evangelische theologie,religion,,,,,,evangelische theologie,TRUE,,,,,,,,,
wirtschaftsinformatik,business_engineering,,,,,,wirtschaftsinformatik,TRUE,,,,,,,,,
wirtschaftsingenieurwesen,business_engineering,,,,,,wirtschaftsingenieurwesen,TRUE,,,,,,,,,
computer sciences,computer_science,,,,,,computer sciences,TRUE,,,,,,,,,
electrical and information technology,electrical_engineering,,,,,,electrical and information technology,TRUE,,,,,,,,,
international affairs,political_science,,,,,,international affairs,TRUE,,,,,,,,,
geosciences,earth_sciences,,,,,,geosciences,TRUE,,,,,,,,,
molecular biology,life_sciences,,,,,,molecular biology,TRUE,,,,,,,,,
education,education,,,,,,education,TRUE,,,,,,,,,
media and communication,journalism_media_studies_and_communication,,,,,,media and communication,TRUE,,,,,,,,,
neurosciences,medicine,,,,,,neurosciences,TRUE,,,,,,,,,
tourism,public_administration,,,,,,tourism,TRUE,,,,,,,,,
material sciences,materials_science_and_engineering,,,,,,material sciences,TRUE,,,,,,,,,
business information technology,business_engineering,,,,,,business information technology,TRUE,,,,,,,,,
international management,business_administration_economics,,,,,,international management,TRUE,,,,,,,,,
biotechnology,life_sciences,,,,,,biotechnology,TRUE,,,,,,,,,
engineering physics,physics,,,,,,engineering physics,TRUE,,,,,,,,,
industrial engineering and management,mechanical_engineering,,,,,,industrial engineering and management,TRUE,,,,,,,,,
materialwissenschaft,materials_science_and_engineering,,,,,,materialwissenschaft,TRUE,,,,,,,,,
betriebswirtschaftslehre,business_administration_economics,,,,,,betriebswirtschaftslehre,TRUE,,,,,,,,,
mechatronik,mechanical_engineering,,,,,,mechatronik,TRUE,,,,,,,,,
medieninformatik,computer_science,,,,,,medieninformatik,TRUE,,,,,,,,,
volkswirtschaftslehre,business_administration_economics,,,,,,volkswirtschaftslehre,TRUE,,,,,,,,,
chemie,chemistry,,,,,,chemie,TRUE,,,,,,,,,
chemical engineering and biotechnology,chemistry,,,,,,chemical engineering and biotechnology,TRUE,,,,,,,,,
communication systems,computer_science,,,,,,communication systems,TRUE,,,,,,,,,
computational science and engineering,computer_science,,,,,,computational science and engineering,TRUE,,,,,,,,,
electrical and electronic engineering,electrical_engineering,,,,,,electrical and electronic engineering,TRUE,,,,,,,,,
energy science and technology,mechanical_engineering,,,,,,energy science and technology,TRUE,,,,,,,,,
environmental sciences and engineering,environmental_studies_and_forestry,,,,,,environmental sciences and engineering,TRUE,,,,,,,,,
financial engineering,finance,,,,,,financial engineering,TRUE,,,,,,,,,
life sciences engineering,life_sciences,,,,,,life sciences engineering,TRUE,,,,,,,,,
"management, technology and entrepreneurship",business_administration_economics,,,,,,"management, technology and entrepreneurship",TRUE,,,,,,,,,
materials sciences and engineering,anthropology,,,,,,materials sciences and engineering,TRUE,,,,,,,,,
microengineering,electrical_engineering,,,,,,microengineering,TRUE,,,,,,,,,
molecular biology and biological chemistry,anthropology,,,,,,molecular biology and biological chemistry,TRUE,,,,,,,,,
nuclear engineering,physics,,,,,,nuclear engineering,TRUE,,,,,,,,,
robotics,mechanical_engineering,,,,,,robotics,TRUE,,,,,,,,,
banking,finance,,,,,,banking,TRUE,,,,,,,,,
management,business_administration_economics,,,,,,management,TRUE,,,,,,,,,
life science,life_sciences,,,,,,life science,TRUE,,,,,,,,,
energy engineering,mechanical_engineering,,,,,,energy engineering,TRUE,,,,,,,,,
industrial design,architecture_and_design,,,,,,industrial design,TRUE,,,,,,,,,
engineering and management,mechanical_engineering,,,,,,engineering and management,TRUE,,,,,,,,,
gender studies,sociology,,,,,,gender studies,TRUE,,,,,,,,,
plant sciences,life_sciences,,,,,,plant sciences,TRUE,,,,,,,,,
faculty of medicine,medicine,,,,,,faculty of medicine,TRUE,,,,,,,,,
mechatronics and automation,mechanical_engineering,,,,,,mechatronics and automation,TRUE,,,,,,,,,
photonics,physics,,,,,,photonics,TRUE,,,,,,,,,
industrial engineering,mechanical_engineering,,,,,,industrial engineering,TRUE,,,,,,,,,
architecture and civil engineering,architecture_and_design,,,,,,architecture and civil engineering,TRUE,,,,,,,,,
supply chain management,business_administration_economics,,,,,,supply chain management,TRUE,,,,,,,,,
elektrotechnik und informationstechnologie,electrical_engineering,,,,,,elektrotechnik und informationstechnologie,TRUE,,,,,,,,,
maschineningenieurwissenschaften,mechanical_engineering,,,,,,maschineningenieurwissenschaften,TRUE,,,,,,,,,
sonstiges,other,,,,,,sonstiges,TRUE,,,,,,,,,
umweltingenieurwissenschaften,environmental_studies_and_forestry,,,,,,umweltingenieurwissenschaften,TRUE,,,,,,,,,
wirtschaftsigenieurwesen,business_engineering,,,,,,wirtschaftsigenieurwesen,TRUE,,,,,,,,,
business / management,business_administration_economics,,,,,,business / management,TRUE,,,,,,,,,
computer science / software,computer_science,,,,,,computer science / software,TRUE,,,,,,,,,
sports management,business_administration_economics,,,,,,sports management,TRUE,,,,,,,,,
business/management,business_administration_economics,,,,,,business/management,TRUE,,,,,,,,,
bwl,business_administration_economics,,,,,,bwl,TRUE,,,,,,,,,
mbf,business_administration_economics,,,,,,mbf,TRUE,,,,,,,,,
mbi,business_administration_economics,,,,,,mbi,TRUE,,,,,,,,,
mecon,business_administration_economics,,,,,,mecon,TRUE,,,,,,,,,
mok,business_administration_economics,,,,,,mok,TRUE,,,,,,,,,
mug,business_administration_economics,,,,,,mug,TRUE,,,,,,,,,
miqe/f,business_administration_economics,,,,,,miqe/f,TRUE,,,,,,,,,
sim,business_administration_economics,,,,,,sim,TRUE,,,,,,,,,
vwl,business_administration_economics,,,,,,vwl,TRUE,,,,,,,,,
génie civil,civil_engineering,,,,,,génie civil,TRUE,,,,,,,,,
génie mécanique,mechanical_engineering,,,,,,génie mécanique,TRUE,,,,,,,,,
informatique,computer_science,,,,,,informatique,TRUE,,,,,,,,,
luxe,luxury_fashion,,,,,,luxe,TRUE,,,,,,,,,
médecine,medicine,,,,,,médecine,TRUE,,,,,,,,,
pharmacie,medicine,,,,,,pharmacie,TRUE,,,,,,,,,
sociologie,sociology,,,,,,sociologie,TRUE,,,,,,,,,
stratégie,business_administration_economics,,,,,,stratégie,TRUE,,,,,,,,,
autre,other,,,,,,autre,TRUE,,,,,,,,,
andere,other,,,,,,andere,TRUE,,,,,,,,,
fakultät für psychologie,psychology,,,,,,fakultät für psychologie,TRUE,,,,,,,,,
juristische fakultät,law,,,,,,juristische fakultät,TRUE,,,,,,,,,
medizinische fakultät,medicine,,,,,,medizinische fakultät,TRUE,,,,,,,,,
philosophisch-historische fakultät,philosophy,,,,,,philosophisch-historische fakultät,TRUE,,,,,,,,,
philosophisch-naturwissenschaftliche fakultät,philosophy,,,,,,philosophisch-naturwissenschaftliche fakultät,TRUE,,,,,,,,,
theologische fakultät,religion,,,,,,theologische fakultät,TRUE,,,,,,,,,
wirtschaftswissenschaftliche fakultät,business_administration_economics,,,,,,wirtschaftswissenschaftliche fakultät,TRUE,,,,,,,,,
tilburg law school,law,,,,,,tilburg law school,TRUE,,,,,,,,,
tilburg school of catholic theology,religion,,,,,,tilburg school of catholic theology,TRUE,,,,,,,,,
tilburg school of economics and management,business_administration_economics,,,,,,tilburg school of economics and management,TRUE,,,,,,,,,
tilburg school of humanities and digital sciences,business_administration_economics,,,,,,tilburg school of humanities and digital sciences,TRUE,,,,,,,,,
tilburg school of social and behavioral sciences,sociology,,,,,,tilburg school of social and behavioral sciences,TRUE,,,,,,,,,
construction,civil_engineering,,,,,,construction,TRUE,,,,,,,,,
english literature,literature_arts,,,,,,english literature,TRUE,,,,,,,,,
languages,literature_arts,,,,,,languages,TRUE,,,,,,,,,
planning,business_administration_economics,,,,,,planning,TRUE,,,,,,,,,
politics,political_science,,,,,,politics,TRUE,,,,,,,,,
science,mechanical_engineering,,,,,,science,TRUE,,,,,,,,,
surveying,architecture_and_design,,,,,,surveying,TRUE,,,,,,,,,
electrical engineering and information technology,electrical_engineering,,,,,,electrical engineering and information technology,TRUE,,,,,,,,,
"humanities, political and social sciences",political_science,,,,,,"humanities, political and social sciences",TRUE,,,,,,,,,
natural sciences and mathematics,physics,,,,,,natural sciences and mathematics,TRUE,,,,,,,,,
ethnology,sociology,,,,,,ethnology,TRUE,,,,,,,,,
astronomy,physics,,,,,,astronomy,TRUE,,,,,,,,,
biomedics,life_sciences,,,,,,biomedics,TRUE,,,,,,,,,
business analytics,business_engineering,,,,,,business analytics,TRUE,,,,,,,,,
chemistry & biochemistry,chemistry,,,,,,chemistry & biochemistry,TRUE,,,,,,,,,
commodity trading,business_administration_economics,,,,,,commodity trading,TRUE,,,,,,,,,
earth and environmental sciences,earth_sciences,,,,,,earth and environmental sciences,TRUE,,,,,,,,,
economics and management,business_administration_economics,,,,,,economics and management,TRUE,,,,,,,,,
educational sciences,education,,,,,,educational sciences,TRUE,,,,,,,,,
global health,medicine,,,,,,global health,TRUE,,,,,,,,,
international relations,political_science,,,,,,international relations,TRUE,,,,,,,,,
"languages, literature and culture",linguistics_and_languages,,,,,,"languages, literature and culture",TRUE,,,,,,,,,
public management,public_administration,,,,,,public management,TRUE,,,,,,,,,
translation and interpreting,linguistics_and_languages,,,,,,translation and interpreting,TRUE,,,,,,,,,
wealth management,business_administration_economics,,,,,,wealth management,TRUE,,,,,,,,,
commerce,business_administration_economics,,,,,,commerce,TRUE,,,,,,,,,
chimie,chemistry,,,,,,chimie,TRUE,,,,,,,,,
energie,physics,,,,,,energie,TRUE,,,,,,,,,
ingénierie de la santé,medicine,,,,,,ingénierie de la santé,TRUE,,,,,,,,,
betriebsökonomie,business_administration_economics,,,,,,betriebsökonomie,TRUE,,,,,,,,,
digital business management,business_engineering,,,,,,digital business management,TRUE,,,,,,,,,
information and data management,computer_science,,,,,,information and data management,TRUE,,,,,,,,,
information science,computer_science,,,,,,information science,TRUE,,,,,,,,,
mobile robotics,electrical_engineering,,,,,,mobile robotics,TRUE,,,,,,,,,
multimedia production,computer_science,,,,,,multimedia production,TRUE,,,,,,,,,
new business,business_administration_economics,,,,,,new business,TRUE,,,,,,,,,
service design,business_administration_economics,,,,,,service design,TRUE,,,,,,,,,
aerospace engineer,space_sciences,,,,,,aerospace engineer,TRUE,,,,,,,,,
earth observation,earth_sciences,,,,,,earth observation,TRUE,,,,,,,,,
environmental science,environmental_studies_and_forestry,,,,,,environmental science,TRUE,,,,,,,,,
software engineer,computer_science,,,,,,software engineer,TRUE,,,,,,,,,
system engineer,systems_science,,,,,,system engineer,TRUE,,,,,,,,,
telecom and integrated applications,systems_science,,,,,,telecom and integrated applications,TRUE,,,,,,,,,
payload engineering,mechanical_engineering,,,,,,payload engineering,TRUE,,,,,,,,,
adult and continuing education,education,,,,,,adult and continuing education,TRUE,,,,,,,,,
advanced materials science,materials_science_and_engineering,,,,,,advanced materials science,TRUE,,,,,,,,,
all specialisations,other,,,,,,all specialisations,TRUE,,,,,,,,,
ancient history and classical antiquities,history,,,,,,ancient history and classical antiquities,TRUE,,,,,,,,,
applied ethics,philosophy,,,,,,applied ethics,TRUE,,,,,,,,,
applied physical geography and mountain research,geography,,,,,,applied physical geography and mountain research,TRUE,,,,,,,,,
archeology,archaeology,,,,,,archeology,TRUE,,,,,,,,,
art history,literature_arts,,,,,,art history,TRUE,,,,,,,,,
behavioural physiology,medicine,,,,,,behavioural physiology,TRUE,,,,,,,,,
biochemistry and molecular biomedicine,life_sciences,,,,,,biochemistry and molecular biomedicine,TRUE,,,,,,,,,
bosnian/croat/serbian,linguistics_and_languages,,,,,,bosnian/croat/serbian,TRUE,,,,,,,,,
business education and development,business_administration_economics,,,,,,business education and development,TRUE,,,,,,,,,
catholic religious education,religion,,,,,,catholic religious education,TRUE,,,,,,,,,
chemical and pharmaceutical engineering,chemistry,,,,,,chemical and pharmaceutical engineering,TRUE,,,,,,,,,
conference interpreting,linguistics_and_languages,,,,,,conference interpreting,TRUE,,,,,,,,,
ecology and evolutionary biology,life_sciences,,,,,,ecology and evolutionary biology,TRUE,,,,,,,,,
english studies/american studies,literature_arts,,,,,,english studies/american studies,TRUE,,,,,,,,,
environmental system sciences,environmental_studies_and_forestry,,,,,,environmental system sciences,TRUE,,,,,,,,,
environmental systems sciences - sustainability management,environmental_studies_and_forestry,,,,,,environmental systems sciences - sustainability management,TRUE,,,,,,,,,
european ethnology,philosophy,,,,,,european ethnology,TRUE,,,,,,,,,
fundamentals of theology,religion,,,,,,fundamentals of theology,TRUE,,,,,,,,,
geisteswissenschaften,linguistics_and_languages,,,,,,geisteswissenschaften,TRUE,,,,,,,,,
geospatial technologies,space_sciences,,,,,,geospatial technologies,TRUE,,,,,,,,,
german language and literature,linguistics_and_languages,,,,,,german language and literature,TRUE,,,,,,,,,
global studies - specialization economics and environment,business_administration_economics,,,,,,global studies - specialization economics and environment,TRUE,,,,,,,,,
global studies - specialization law and politics,law,,,,,,global studies - specialization law and politics,TRUE,,,,,,,,,
global studies - specialization society and culture,sociology,,,,,,global studies - specialization society and culture,TRUE,,,,,,,,,
greek,linguistics_and_languages,,,,,,greek,TRUE,,,,,,,,,
historical science,history,,,,,,historical science,TRUE,,,,,,,,,
inclusive education,education,,,,,,inclusive education,TRUE,,,,,,,,,
interdisciplinary women's and gender studies,sociology,,,,,,interdisciplinary women's and gender studies,TRUE,,,,,,,,,
international master's programme in industrial ecology (mind),environmental_studies_and_forestry,,,,,,international master's programme in industrial ecology (mind),TRUE,,,,,,,,,
interpretation,linguistics_and_languages,,,,,,interpretation,TRUE,,,,,,,,,
latin,linguistics_and_languages,,,,,,latin,TRUE,,,,,,,,,
linguistics,linguistics_and_languages,,,,,,linguistics,TRUE,,,,,,,,,
musicology,literature_arts,,,,,,musicology,TRUE,,,,,,,,,
naturwissenschaften,physics,,,,,,naturwissenschaften,TRUE,,,,,,,,,
political and empirical economics,political_science,,,,,,political and empirical economics,TRUE,,,,,,,,,
"political, economic and legal philosophy (pelp)",political_science,,,,,,"political, economic and legal philosophy (pelp)",TRUE,,,,,,,,,
rechtswissenschaften,law,,,,,,rechtswissenschaften,TRUE,,,,,,,,,
romance studies,literature_arts,,,,,,romance studies,TRUE,,,,,,,,,
russian,linguistics_and_languages,,,,,,russian,TRUE,,,,,,,,,
"schwerpunkt: accounting, steuerlehre, rechnungslegung oder finanzrecht",finance,,,,,,"schwerpunkt: accounting, steuerlehre, rechnungslegung oder finanzrecht",TRUE,,,,,,,,,
slovenian,linguistics_and_languages,,,,,,slovenian,TRUE,,,,,,,,,
social pedagogy,education,,,,,,social pedagogy,TRUE,,,,,,,,,
space sciences and earth from space,space_sciences,,,,,,space sciences and earth from space,TRUE,,,,,,,,,
sport science and kinesiology,medicine,,,,,,sport science and kinesiology,TRUE,,,,,,,,,
sports sciences and kinesiology,medicine,,,,,,sports sciences and kinesiology,TRUE,,,,,,,,,
sprachwissenschaften,linguistics_and_languages,,,,,,sprachwissenschaften,TRUE,,,,,,,,,
sustainable urban and regional development,environmental_studies_and_forestry,,,,,,sustainable urban and regional development,TRUE,,,,,,,,,
teacher training programme for secondary level general education,education,,,,,,teacher training programme for secondary level general education,TRUE,,,,,,,,,
transcultural communication,linguistics_and_languages,,,,,,transcultural communication,TRUE,,,,,,,,,
translation and dialogue interpreting,linguistics_and_languages,,,,,,translation and dialogue interpreting,TRUE,,,,,,,,,
world religions,religion,,,,,,world religions,TRUE,,,,,,,,,
bildungswissenschaften,education,,,,,,bildungswissenschaften,TRUE,,,,,,,,,
fashion,luxury_fashion,,,,,,fashion,TRUE,,,,,,,,,
fashion design,luxury_fashion,,,,,,fashion design,TRUE,,,,,,,,,
fashion management,luxury_fashion,,,,,,fashion management,TRUE,,,,,,,,,
technical product development,mechanical_engineering,,,,,,technical product development,TRUE,,,,,,,,,
3d product development,mechanical_engineering,,,,,,3d product development,TRUE,,,,,,,,,
textile engineering,luxury_fashion,,,,,,textile engineering,TRUE,,,,,,,,,
grafic design,journalism_media_studies_and_communication,,,,,,grafic design,TRUE,,,,,,,,,
buying & sourcing,business_administration_economics,,,,,,buying & sourcing,TRUE,,,,,,,,,
e-commerce,business_administration_economics,,,,,,e-commerce,TRUE,,,,,,,,,
data analysis,computer_science,,,,,,data analysis,TRUE,,,,,,,,,
digital strategy,computer_science,,,,,,digital strategy,TRUE,,,,,,,,,
sales,business_administration_economics,,,,,,sales,TRUE,,,,,,,,,
visual merchandising / visual design,journalism_media_studies_and_communication,,,,,,visual merchandising / visual design,TRUE,,,,,,,,,
merchandising / planning & allocation,business_administration_economics,,,,,,merchandising / planning & allocation,TRUE,,,,,,,,,
cycle préparatoire en anglais,linguistics_and_languages,,,,,,cycle préparatoire en anglais,TRUE,,,,,,,,,
cycle préparatoire en français,linguistics_and_languages,,,,,,cycle préparatoire en français,TRUE,,,,,,,,,
ingénieur du numérique,computer_science,,,,,,ingénieur du numérique,TRUE,,,,,,,,,
ingénieur en gestion des risques & environnement,environmental_studies_and_forestry,,,,,,ingénieur en gestion des risques & environnement,TRUE,,,,,,,,,
"ingénieur en sécurité, environnement et prévention des risques",environmental_studies_and_forestry,,,,,,"ingénieur en sécurité, environnement et prévention des risques",TRUE,,,,,,,,,
research with neutrons and muons,physics,,,,,,research with neutrons and muons,TRUE,,,,,,,,,
photon science,physics,,,,,,photon science,TRUE,,,,,,,,,
nuclear energy and safety,physics,,,,,,nuclear energy and safety,TRUE,,,,,,,,,
biology and chemistry,life_sciences,,,,,,biology and chemistry,TRUE,,,,,,,,,
building science and technology,civil_engineering,,,,,,building science and technology,TRUE,,,,,,,,,
chemistry and chemical engineering,chemistry,,,,,,chemistry and chemical engineering,TRUE,,,,,,,,,
data,computer_science,,,,,,data,TRUE,,,,,,,,,
development,computer_science,,,,,,development,TRUE,,,,,,,,,
risk,business_administration_economics,,,,,,risk,TRUE,,,,,,,,,
econometrics,business_administration_economics,,,,,,econometrics,TRUE,,,,,,,,,
erasmus school of economics,business_administration_economics,,,,,,erasmus school of economics,TRUE,,,,,,,,,
erasmus school of health policy & management,medicine,,,,,,erasmus school of health policy & management,TRUE,,,,,,,,,
"erasmus school of history, culture and communication",history,,,,,,"erasmus school of history, culture and communication",TRUE,,,,,,,,,
erasmus school of law,medicine,,,,,,erasmus school of law,TRUE,,,,,,,,,
erasmus school of philosophy,law,,,,,,erasmus school of philosophy,TRUE,,,,,,,,,
erasmus school of social and behavioural sciences,sociology,,,,,,erasmus school of social and behavioural sciences,TRUE,,,,,,,,,
erasmus university college,other,,,,,,erasmus university college,TRUE,,,,,,,,,
all fields of study,other,,,,,,all fields of study,TRUE,,,,,,,,,
faculty of geosciences,earth_sciences,,,,,,faculty of geosciences,TRUE,,,,,,,,,
faculty of humanities,literature_arts,,,,,,faculty of humanities,TRUE,,,,,,,,,
"faculty of law, economics and governance",law,,,,,,"faculty of law, economics and governance",TRUE,,,,,,,,,
faculty of science,physics,,,,,,faculty of science,TRUE,,,,,,,,,
faculty of social and behavioural sciences,sociology,,,,,,faculty of social and behavioural sciences,TRUE,,,,,,,,,
faculty of veterinary medicine,medicine,,,,,,faculty of veterinary medicine,TRUE,,,,,,,,,
university college,other,,,,,,university college,TRUE,,,,,,,,,
banque & finance,finance,,,,,,banque & finance,TRUE,,,,,,,,,
anderes,other,,,,,,anderes,TRUE,,,,,,,,,
angewandte linguistik,linguistics_and_languages,,,,,,angewandte linguistik,TRUE,,,,,,,,,
angewandte psychologie,psychology,,,,,,angewandte psychologie,TRUE,,,,,,,,,
"architektur, gestaltung, bauingenieurwesen",architecture_and_design,,,,,,"architektur, gestaltung, bauingenieurwesen",TRUE,,,,,,,,,
gesundheit,medicine,,,,,,gesundheit,TRUE,,,,,,,,,
life sciences und facility management,life_sciences,,,,,,life sciences und facility management,TRUE,,,,,,,,,
school of engineering,mechanical_engineering,,,,,,school of engineering,TRUE,,,,,,,,,
school of management and law,business_administration_economics,,,,,,school of management and law,TRUE,,,,,,,,,
soziale arbeit,sociology,,,,,,soziale arbeit,TRUE,,,,,,,,,
"chemie, lebensmittelchemie",chemistry,,,,,,"chemie, lebensmittelchemie",TRUE,,,,,,,,,
"geschichte, kunst- und musikwissenschaft",history,,,,,,"geschichte, kunst- und musikwissenschaft",TRUE,,,,,,,,,
hydrowissenschaften,earth_sciences,,,,,,hydrowissenschaften,TRUE,,,,,,,,,
informationssystemtechnik,electrical_engineering,,,,,,informationssystemtechnik,TRUE,,,,,,,,,
katholische theologie,religion,,,,,,katholische theologie,TRUE,,,,,,,,,
kommunikationswissenschaft,journalism_media_studies_and_communication,,,,,,kommunikationswissenschaft,TRUE,,,,,,,,,
molekulare biologie und biotechnologie,life_sciences,,,,,,molekulare biologie und biotechnologie,TRUE,,,,,,,,,
politikwissenschaft,political_science,,,,,,politikwissenschaft,TRUE,,,,,,,,,
regenerative energiesysteme,mechanical_engineering,,,,,,regenerative energiesysteme,TRUE,,,,,,,,,
sozialpädagogik,sociology,,,,,,sozialpädagogik,TRUE,,,,,,,,,
soziologie,sociology,,,,,,soziologie,TRUE,,,,,,,,,
"sprach-, literatur- und kulturwissenschaften",linguistics_and_languages,,,,,,"sprach-, literatur- und kulturwissenschaften",TRUE,,,,,,,,,
verfahrenstechnik und naturstofftechnik,mechanical_engineering,,,,,,verfahrenstechnik und naturstofftechnik,TRUE,,,,,,,,,
verkehrswirtschaft,mechanical_engineering,,,,,,verkehrswirtschaft,TRUE,,,,,,,,,
werkstoffwissenschaft,materials_science_and_engineering,,,,,,werkstoffwissenschaft,TRUE,,,,,,,,,
wirtschaftsmathematik,mathematics,,,,,,wirtschaftsmathematik,TRUE,,,,,,,,,
wirtschaftspädagogik,education,,,,,,wirtschaftspädagogik,TRUE,,,,,,,,,
umweltwissenschaften,environmental_studies_and_forestry,,,,,,umweltwissenschaften,TRUE,,,,,,,,,
ethonology,sociology,,,,,,ethonology,TRUE,,,,,,,,,
computational engineering science,computer_science,,,,,,computational engineering science,TRUE,,,,,,,,,
"electrical engineering, information technology and technical computer science",electrical_engineering,,,,,,"electrical engineering, information technology and technical computer science",TRUE,,,,,,,,,
management and engineering (various specialisations),business_administration_economics,,,,,,management and engineering (various specialisations),TRUE,,,,,,,,,
metallurgical engineering,materials_science_and_engineering,,,,,,metallurgical engineering,TRUE,,,,,,,,,
process technology,mechanical_engineering,,,,,,process technology,TRUE,,,,,,,,,
software systems engineering,computer_science,,,,,,software systems engineering,TRUE,,,,,,,,,
architecture and built environment,architecture_and_design,,,,,,architecture and built environment,TRUE,,,,,,,,,
automatic control,mechanical_engineering,,,,,,automatic control,TRUE,,,,,,,,,
building and environmental technology,environmental_studies_and_forestry,,,,,,building and environmental technology,TRUE,,,,,,,,,
centre for mathematical sciences,mathematics,,,,,,centre for mathematical sciences,TRUE,,,,,,,,,
construction sciences,civil_engineering,,,,,,construction sciences,TRUE,,,,,,,,,
design sciences,architecture_and_design,,,,,,design sciences,TRUE,,,,,,,,,
energy sciences,physics,,,,,,energy sciences,TRUE,,,,,,,,,
"food technology, engineering and nutrition",life_sciences,,,,,,"food technology, engineering and nutrition",TRUE,,,,,,,,,
immunotechnology,medicine,,,,,,immunotechnology,TRUE,,,,,,,,,
industrial management and logistics,mechanical_engineering,,,,,,industrial management and logistics,TRUE,,,,,,,,,
school of aviation,mechanical_engineering,,,,,,school of aviation,TRUE,,,,,,,,,
technology and society,mechanical_engineering,,,,,,technology and society,TRUE,,,,,,,,,
electronics,electrical_engineering,,,,,,electronics,TRUE,,,,,,,,,
material science,materials_science_and_engineering,,,,,,material science,TRUE,,,,,,,,,
radiofrequency,physics,,,,,,radiofrequency,TRUE,,,,,,,,,
real estate management,business_administration_economics,,,,,,real estate management,TRUE,,,,,,,,,
human resources,business_administration_economics,,,,,,human resources,TRUE,,,,,,,,,
controlling,finance,,,,,,controlling,TRUE,,,,,,,,,
building technology / energy,civil_engineering,,,,,,building technology / energy,TRUE,,,,,,,,,
aeronautics,mechanical_engineering,,,,,,aeronautics,TRUE,,,,,,,,,
bioengineering,life_sciences,,,,,,bioengineering,TRUE,,,,,,,,,
civil and environmental engineering,civil_engineering,,,,,,civil and environmental engineering,TRUE,,,,,,,,,
computing,computer_science,,,,,,computing,TRUE,,,,,,,,,
dyson school of design engineering,architecture_and_design,,,,,,dyson school of design engineering,TRUE,,,,,,,,,
earth science and engineering,earth_sciences,,,,,,earth science and engineering,TRUE,,,,,,,,,
environmental technology,environmental_studies_and_forestry,,,,,,environmental technology,TRUE,,,,,,,,,
materials,materials_science_and_engineering,,,,,,materials,TRUE,,,,,,,,,
science communication unit,journalism_media_studies_and_communication,,,,,,science communication unit,TRUE,,,,,,,,,
"bio-, chemie und pharmaingenieurwesen",life_sciences,,,,,,academic diploma program skema x berkeley global,TRUE,,,,,,,,,
biologie / biotechnologie,life_sciences,,,,,,artificial intelligence for business transformation,TRUE,,,,,,,,,
english studies,linguistics_and_languages,,,,,,bba in business administration,TRUE,,,,,,,,,
erziehungswissenschaften,education,,,,,,bba in global management,TRUE,,,,,,,,,
finanz- und wirtschaftsmathematik,mathematics,,,,,,bba in international business,TRUE,,,,,,,,,
germanistik,linguistics_and_languages,,,,,,entrepreneurship and sustainable design,TRUE,,,,,,,,,
geschichte und kunstwissenschaft,history,,,,,,"ms auditing, management accounting & information systems",TRUE,,,,,,,,,
informations-systemtechnik,computer_science,,,,,,ms corporate fiscal management,TRUE,,,,,,,,,
lebensmittelchemie,chemistry,,,,,,ms marketing data & e-commerce,TRUE,,,,,,,,,
medienwissenschaften,journalism_media_studies_and_communication,,,,,,ms project and programme management & business development,TRUE,,,,,,,,,
musik,literature_arts,,,,,,ms supply chain management and purchasing,TRUE,,,,,,,,,
sport,other,,,,,,ms wealth management,TRUE,,,,,,,,,
umweltingenieurwesen,environmental_studies_and_forestry,,,,,,"msc auditing, management accounting & information systems",TRUE,,,,,,,,,
umweltnaturwissenschaften,environmental_studies_and_forestry,,,,,,msc business consulting and digital transformation,TRUE,,,,,,,,,
informationstechnik,computer_science,,,,,,msc corporate financial management,TRUE,,,,,,,,,
applied physics,physics,,,,,,"msc digital business, data analysis and management",TRUE,,,,,,,,,
built environment,civil_engineering,,,,,,msc digital marketing,TRUE,,,,,,,,,
chemical engineering and chemistry,chemistry,,,,,,msc entrepreneurship & innovation,TRUE,,,,,,,,,
industrial engineering & innovation sciences,mechanical_engineering,,,,,,msc financial markets & investments,TRUE,,,,,,,,,
mathematics and computer science,computer_science,,,,,,msc global luxury and management,TRUE,,,,,,,,,
engineering (other),mechanical_engineering,,,,,,msc international business,TRUE,,,,,,,,,
computer science & mathematics,computer_science,,,,,,msc international human resources & performance management,TRUE,,,,,,,,,
economics & management,business_administration_economics,,,,,,msc international marketing & business development,TRUE,,,,,,,,,
environment & sustainability,environmental_studies_and_forestry,,,,,,msc international strategy & influence,TRUE,,,,,,,,,
health care,medicine,,,,,,msc luxury & fashion management,TRUE,,,,,,,,,
humanities & social sciences,sociology,,,,,,msc luxury hospitality and innovation,TRUE,,,,,,,,,
business information systems,business_engineering,,,,,,msc project and programme management & business development,TRUE,,,,,,,,,
energy and co2 optimisation of construction projects,civil_engineering,,,,,,msc strategic event management & tourism management,TRUE,,,,,,,,,
energy and environmental technology,physics,,,,,,msc supply chain management & purchasing,TRUE,,,,,,,,,
geomatics,mathematics,,,,,,msc sustainable finance & fintech,TRUE,,,,,,,,,
international business management (trinational),business_administration_economics,,,,,,master in management (grande ecole programme),TRUE,,,,,,,,,
mechatronics trinational,mechanical_engineering,,,,,,triple master loyola x skema x lmu,TRUE,,,,,,,,,
medical informatics,computer_science,,,,,,phd in business administration,TRUE,,,,,,,,,
optometry,physics,,,,,,dba in project and programme management,TRUE,,,,,,,,,
technology for sustainable construction,civil_engineering,,,,,,master 2 research in management & innovation,TRUE,,,,,,,,,
medicin,medicine,,,,,,"bio-, chemie und pharmaingenieurwesen",TRUE,,,,,,,,,
sustainability studies,environmental_studies_and_forestry,,,,,,biologie / biotechnologie,TRUE,,,,,,,,,
political studies,political_science,,,,,,english studies,TRUE,,,,,,,,,
anthropology and sociology,sociology,,,,,,erziehungswissenschaften,TRUE,,,,,,,,,
international development,business_administration_economics,,,,,,finanz- und wirtschaftsmathematik,TRUE,,,,,,,,,
international economics,business_administration_economics,,,,,,germanistik,TRUE,,,,,,,,,
international history,history,,,,,,geschichte und kunstwissenschaft,TRUE,,,,,,,,,
international law,law,,,,,,informations-systemtechnik,TRUE,,,,,,,,,
international relations and political science,political_science,,,,,,lebensmittelchemie,TRUE,,,,,,,,,
"faculty 1 – mathematics, computer science and natural sciences",computer_science,,,,,,medienwissenschaften,TRUE,,,,,,,,,
faculty 10 – medicine,medicine,,,,,,musik,TRUE,,,,,,,,,
faculty 2 – architecture,architecture_and_design,,,,,,sport,TRUE,,,,,,,,,
faculty 3 – civil engineering,civil_engineering,,,,,,umweltingenieurwesen,TRUE,,,,,,,,,
faculty 4 – mechanical engineering,mechanical_engineering,,,,,,umweltnaturwissenschaften,TRUE,,,,,,,,,
faculty 5 – georesources and materials engineering,materials_science_and_engineering,,,,,,informationstechnik,TRUE,,,,,,,,,
faculty 6 – electrical engineering and information technology,electrical_engineering,,,,,,applied physics,TRUE,,,,,,,,,
faculty 7 – arts and humanities,literature_arts,,,,,,built environment,TRUE,,,,,,,,,
faculty 8 – school of business and economics,business_administration_economics,,,,,,chemical engineering and chemistry,TRUE,,,,,,,,,
civil engineering sciences and construction management,civil_engineering,,,,,,industrial engineering & innovation sciences,TRUE,,,,,,,,,
electrical engineering and audio engineering,electrical_engineering,,,,,,mathematics and computer science,TRUE,,,,,,,,,
geodesy,physics,,,,,,engineering (other),TRUE,,,,,,,,,
information and computer engineering,computer_science,,,,,,computer science & mathematics,TRUE,,,,,,,,,
mechanical engineering and business economics,mechanical_engineering,,,,,,economics & management,TRUE,,,,,,,,,
software engineering and management,computer_science,,,,,,environment & sustainability,TRUE,,,,,,,,,
archaeology,archaeology,,,,,,health care,TRUE,,,,,,,,,
art history and musicology,literature_arts,,,,,,humanities & social sciences,TRUE,,,,,,,,,
management and economics,business_administration_economics,,,,,,business information systems,TRUE,,,,,,,,,
languages and literatures,linguistics_and_languages,,,,,,energy and co2 optimisation of construction projects,TRUE,,,,,,,,,
historical sciences,history,,,,,,energy and environmental technology,TRUE,,,,,,,,,
exact and natural sciences,physics,,,,,,geomatics,TRUE,,,,,,,,,
medical and sport science,medicine,,,,,,international business management (trinational),TRUE,,,,,,,,,
digitalisation and computer science,computer_science,,,,,,mechatronics trinational,TRUE,,,,,,,,,
teacher education for secondary level,education,,,,,,medical informatics,TRUE,,,,,,,,,
communication and media research,journalism_media_studies_and_communication,,,,,,optometry,TRUE,,,,,,,,,
multilingualism and foreign language education,linguistics_and_languages,,,,,,technology for sustainable construction,TRUE,,,,,,,,,
interdisciplinary,other,,,,,,medicin,TRUE,,,,,,,,,
management & technology,business_administration_economics,,,,,,sustainability studies,TRUE,,,,,,,,,
chemical and biotechnology,chemistry,,,,,,political studies,TRUE,,,,,,,,,
shipping and transport logistics,business_administration_economics,,,,,,anthropology and sociology,TRUE,,,,,,,,,
technical design,architecture_and_design,,,,,,international development,TRUE,,,,,,,,,
automation and mechatronics,mechanical_engineering,,,,,,international economics,TRUE,,,,,,,,,
computer technology,computer_science,,,,,,international history,TRUE,,,,,,,,,
software engineering,computer_science,,,,,,international law,TRUE,,,,,,,,,
medical technology,medicine,,,,,,international relations and political science,TRUE,,,,,,,,,
engineering mathematics,mathematics,,,,,,"faculty 1 – mathematics, computer science and natural sciences",TRUE,,,,,,,,,
economics and production technology,business_administration_economics,,,,,,faculty 10 – medicine,TRUE,,,,,,,,,
global systems,systems_science,,,,,,faculty 2 – architecture,TRUE,,,,,,,,,
computational science,computer_science,,,,,,faculty 3 – civil engineering,TRUE,,,,,,,,,
health studies,medicine,,,,,,faculty 4 – mechanical engineering,TRUE,,,,,,,,,
humanities,literature_arts,,,,,,faculty 5 – georesources and materials engineering,TRUE,,,,,,,,,
informatics,computer_science,,,,,,faculty 6 – electrical engineering and information technology,TRUE,,,,,,,,,
"italian language, literature and culture",linguistics_and_languages,,,,,,faculty 7 – arts and humanities,TRUE,,,,,,,,,
management and marketing,business_administration_economics,,,,,,faculty 8 – school of business and economics,TRUE,,,,,,,,,
political economy,sociology,,,,,,civil engineering sciences and construction management,TRUE,,,,,,,,,
cancer biology and oncology,medicine,,,,,,electrical engineering and audio engineering,TRUE,,,,,,,,,
cardiovascular sciences,medicine,,,,,,geodesy,TRUE,,,,,,,,,
drug sciences,medicine,,,,,,information and computer engineering,TRUE,,,,,,,,,
immunology and cell biology,medicine,,,,,,mechanical engineering and business economics,TRUE,,,,,,,,,
arts,linguistics_and_languages,,,,,,software engineering and management,TRUE,,,,,,,,,
behavioural and social sciences,sociology,,,,,,archaeology,TRUE,,,,,,,,,
economics and business,business_administration_economics,,,,,,art history and musicology,TRUE,,,,,,,,,
medical sciences,medicine,,,,,,management and economics,TRUE,,,,,,,,,
science and engineering,mechanical_engineering,,,,,,languages and literatures,TRUE,,,,,,,,,
spatial sciences,space_sciences,,,,,,historical sciences,TRUE,,,,,,,,,
theology and religious studies,religion,,,,,,exact and natural sciences,TRUE,,,,,,,,,
university college groningen,other,,,,,,medical and sport science,TRUE,,,,,,,,,
phyiscs,physics,,,,,,digitalisation and computer science,TRUE,,,,,,,,,
"robotics, systems and control",electrical_engineering,,,,,,teacher education for secondary level,TRUE,,,,,,,,,
audit,finance,,,,,,communication and media research,TRUE,,,,,,,,,
project management,business_administration_economics,,,,,,multilingualism and foreign language education,TRUE,,,,,,,,,
accounting and controlling,finance,,,,,,interdisciplinary,TRUE,,,,,,,,,
business law,business_administration_economics,,,,,,management & technology,TRUE,,,,,,,,,
innovation and entrepreneurship,business_administration_economics,,,,,,bachelor - filière alternance,TRUE,,,,,,,,,
management and law,business_administration_economics,,,,,,bachelor - option international business,TRUE,,,,,,,,,
pharmaceutical,medicine,,,,,,bachelor - option logistique et commerce international,TRUE,,,,,,,,,
biomedical laboratory science,life_sciences,,,,,,bachelor management international,TRUE,,,,,,,,,
design,architecture_and_design,,,,,,m2 audit et finance d'entreprise,TRUE,,,,,,,,,
energy and environmental science technology,environmental_studies_and_forestry,,,,,,ms manager des ressources humaines,TRUE,,,,,,,,,
aeronautical engineering,mechanical_engineering,,,,,,"ms marketing, communication et ingénierie des produits agroalimentaires",TRUE,,,,,,,,,
graphics design and communication,journalism_media_studies_and_communication,,,,,,ms sciences et management de la filière équine,TRUE,,,,,,,,,
information technology,computer_science,,,,,,ms str@tégies de développement & territoires,TRUE,,,,,,,,,
chemical biology,chemistry,,,,,,ms stratégie marketing et développement commercial,TRUE,,,,,,,,,
media technology,journalism_media_studies_and_communication,,,,,,"ms supply chain, logistique et innovations",TRUE,,,,,,,,,
furniture design,other,,,,,,msc artificial intelligence for marketing strategy,TRUE,,,,,,,,,
furniture conservation,other,,,,,,"msc banking, finance and fintech",TRUE,,,,,,,,,
cabinetmaking,other,,,,,,msc financial data management,TRUE,,,,,,,,,
upholstery,other,,,,,,msc international events management,TRUE,,,,,,,,,
process industry management,mechanical_engineering,,,,,,msc international logistics and port management,TRUE,,,,,,,,,
product development,business_administration_economics,,,,,,msc international marketing and business development,TRUE,,,,,,,,,
programming,computer_science,,,,,,msc marketing and digital in luxury and lifestyle,TRUE,,,,,,,,,
technology and social change,sociology,,,,,,msc supply chain management,TRUE,,,,,,,,,
engineering biology,life_sciences,,,,,,programme grande école,TRUE,,,,,,,,,
applied physics and electrical engineering,physics,,,,,,année optionnelle,TRUE,,,,,,,,,
transportation systems engineering,mechanical_engineering,,,,,,chemical and biotechnology,TRUE,,,,,,,,,
architektur und stadtplanung,architecture_and_design,,,,,,shipping and transport logistics,TRUE,,,,,,,,,
bewegungswissenschaft,medicine,,,,,,technical design,TRUE,,,,,,,,,
chemie- und bioingenieurwesen,life_sciences,,,,,,automation and mechatronics,TRUE,,,,,,,,,
elektrotechnik und informationstechnik,electrical_engineering,,,,,,computer technology,TRUE,,,,,,,,,
erneuerbare energien,physics,,,,,,software engineering,TRUE,,,,,,,,,
fahrzeug- und motorentechnik,mechanical_engineering,,,,,,medical technology,TRUE,,,,,,,,,
geodäsie und geoinformatik,earth_sciences,,,,,,engineering mathematics,TRUE,,,,,,,,,
geschichte,history,,,,,,economics and production technology,TRUE,,,,,,,,,
immobilientechnik und immobilienwirtschaft,business_administration_economics,,,,,,global systems,TRUE,,,,,,,,,
kunstgeschichte,literature_arts,,,,,,computational science,TRUE,,,,,,,,,
luft- und raumfahrttechnik,space_sciences,,,,,,health studies,TRUE,,,,,,,,,
maschinelle sprachverarbeitung,computer_science,,,,,,humanities,TRUE,,,,,,,,,
politikwissenschaften,political_science,,,,,,informatics,TRUE,,,,,,,,,
simulation technology,computer_science,,,,,,"italian language, literature and culture",TRUE,,,,,,,,,
softwaretechnik,computer_science,,,,,,management and marketing,TRUE,,,,,,,,,
sprachen und linguistik,linguistics_and_languages,,,,,,political economy,TRUE,,,,,,,,,
technische biologie,life_sciences,,,,,,cancer biology and oncology,TRUE,,,,,,,,,
technische kybernetik,computer_science,,,,,,cardiovascular sciences,TRUE,,,,,,,,,
technologiemanagement,business_administration_economics,,,,,,drug sciences,TRUE,,,,,,,,,
umweltschutztechnik,environmental_studies_and_forestry,,,,,,immunology and cell biology,TRUE,,,,,,,,,
maths,mathematics,,,,,,arts,TRUE,,,,,,,,,
physics and applied physics,physics,,,,,,behavioural and social sciences,TRUE,,,,,,,,,
"accounting, audit, controlling",finance,,,,,,economics and business,TRUE,,,,,,,,,
others,other,,,,,,medical sciences,TRUE,,,,,,,,,
"business administration, management and economics",business_administration_economics,,,,,,science and engineering,TRUE,,,,,,,,,
"informatik, wirtschaftsinformatik, computer science",computer_science,,,,,,spatial sciences,TRUE,,,,,,,,,
ingenieurwesen & wirtschaftsingenieurwesen,business_engineering,,,,,,theology and religious studies,TRUE,,,,,,,,,
"law, wirtschaftsrecht",law,,,,,,university college groningen,TRUE,,,,,,,,,
natural science,physics,,,,,,phyiscs,TRUE,,,,,,,,,
law & economics,law,,,,,,"robotics, systems and control",TRUE,,,,,,,,,
"accounting, control and finance",finance,,,,,,audit,TRUE,,,,,,,,,
computing science,computer_science,,,,,,project management,TRUE,,,,,,,,,
physics and applied mathematics,physics,,,,,,accounting and controlling,TRUE,,,,,,,,,
electronic and computer engineering,electrical_engineering,,,,,,business law,TRUE,,,,,,,,,
electrical power engineering,electrical_engineering,,,,,,innovation and entrepreneurship,TRUE,,,,,,,,,
biology and earthscience,life_sciences,,,,,,management and law,TRUE,,,,,,,,,
environmental health,medicine,,,,,,pharmaceutical,TRUE,,,,,,,,,
aviation,space_sciences,,,,,,biomedical laboratory science,TRUE,,,,,,,,,
energy and evnironmental engineering,physics,,,,,,design,TRUE,,,,,,,,,
transportation systems,mechanical_engineering,,,,,,energy and environmental science technology,TRUE,,,,,,,,,
data analytics,computer_science,,,,,,aeronautical engineering,TRUE,,,,,,,,,
agrotechnology and food sciences,life_sciences,,,,,,graphics design and communication,TRUE,,,,,,,,,
animal sciences,medicine,,,,,,information technology,TRUE,,,,,,,,,
business administration for sme,business_administration_economics,,,,,,chemical biology,TRUE,,,,,,,,,
international technical sales management,business_administration_economics,,,,,,media technology,TRUE,,,,,,,,,
renewable energies an energy management,environmental_studies_and_forestry,,,,,,furniture design,TRUE,,,,,,,,,
medical engineering and data science,medicine,,,,,,furniture conservation,TRUE,,,,,,,,,
modern materials,materials_science_and_engineering,,,,,,cabinetmaking,TRUE,,,,,,,,,
multimedia communication and documentation,journalism_media_studies_and_communication,,,,,,upholstery,TRUE,,,,,,,,,
software design,computer_science,,,,,,process industry management,TRUE,,,,,,,,,
electrical engineering and information technology (master),electrical_engineering,,,,,,product development,TRUE,,,,,,,,,
business administration and law,business_administration_economics,,,,,,programming,TRUE,,,,,,,,,
digital real estate management,business_administration_economics,,,,,,technology and social change,TRUE,,,,,,,,,
international real estate management,business_administration_economics,,,,,,engineering biology,TRUE,,,,,,,,,
business psychology,sociology,,,,,,applied physics and electrical engineering,TRUE,,,,,,,,,
business innovation,business_administration_economics,,,,,,transportation systems engineering,TRUE,,,,,,,,,
chemistry and applied biosciences,chemistry,,,,,,architektur und stadtplanung,TRUE,,,,,,,,,
faculty of arts and humanities,literature_arts,,,,,,bewegungswissenschaft,TRUE,,,,,,,,,
faculty of human sciences,medicine,,,,,,chemie- und bioingenieurwesen,TRUE,,,,,,,,,
faculty of law,law,,,,,,elektrotechnik und informationstechnik,TRUE,,,,,,,,,
"faculty of management, economics and social sciences",business_administration_economics,,,,,,erneuerbare energien,TRUE,,,,,,,,,
faculty of mathematics and natural sciences,mathematics,,,,,,fahrzeug- und motorentechnik,TRUE,,,,,,,,,
landscape architecture,architecture_and_design,,,,,,geodäsie und geoinformatik,TRUE,,,,,,,,,
mechanical engineering | innovation,mechanical_engineering,,,,,,geschichte,TRUE,,,,,,,,,
medical engineering,medicine,,,,,,immobilientechnik und immobilienwirtschaft,TRUE,,,,,,,,,
raumentwicklung und landschaftsarchitektur,education,,,,,,kunstgeschichte,TRUE,,,,,,,,,
renewable energies and environmental engineering,environmental_studies_and_forestry,,,,,,luft- und raumfahrttechnik,TRUE,,,,,,,,,
"urban, transport and spatial planning",architecture_and_design,,,,,,maschinelle sprachverarbeitung,TRUE,,,,,,,,,
machine learning,computer_science,,,,,,politikwissenschaften,TRUE,,,,,,,,,
natural language processing,computer_science,,,,,,simulation technology,TRUE,,,,,,,,,
microelectronics,electrical_engineering,,,,,,softwaretechnik,TRUE,,,,,,,,,
academic diploma program skema x berkeley global,other,,,,,,sprachen und linguistik,TRUE,,,,,,,,,
artificial intelligence for business transformation,computer_science,,,,,,technische biologie,TRUE,,,,,,,,,
bba in business administration,business_administration_economics,,,,,,technische kybernetik,TRUE,,,,,,,,,
bba in global management,business_administration_economics,,,,,,technologiemanagement,TRUE,,,,,,,,,
bba in international business,business_administration_economics,,,,,,umweltschutztechnik,TRUE,,,,,,,,,
entrepreneurship and sustainable design,business_administration_economics,,,,,,maths,TRUE,,,,,,,,,
"ms auditing, management accounting & information systems",business_administration_economics,,,,,,physics and applied physics,TRUE,,,,,,,,,
ms corporate fiscal management,business_administration_economics,,,,,,"accounting, audit, controlling",TRUE,,,,,,,,,
ms marketing data & e-commerce,business_administration_economics,,,,,,others,TRUE,,,,,,,,,
ms project and programme management & business development,business_administration_economics,,,,,,"business administration, management and economics",TRUE,,,,,,,,,
ms supply chain management and purchasing,business_administration_economics,,,,,,"informatik, wirtschaftsinformatik, computer science",TRUE,,,,,,,,,
ms wealth management,business_administration_economics,,,,,,ingenieurwesen & wirtschaftsingenieurwesen,TRUE,,,,,,,,,
"msc auditing, management accounting & information systems",business_administration_economics,,,,,,"law, wirtschaftsrecht",TRUE,,,,,,,,,
msc business consulting and digital transformation,business_administration_economics,,,,,,natural science,TRUE,,,,,,,,,
msc corporate financial management,business_administration_economics,,,,,,law & economics,TRUE,,,,,,,,,
"msc digital business, data analysis and management",business_administration_economics,,,,,,"accounting, control and finance",TRUE,,,,,,,,,
msc digital marketing,journalism_media_studies_and_communication,,,,,,computing science,TRUE,,,,,,,,,
msc entrepreneurship & innovation,business_administration_economics,,,,,,physics and applied mathematics,TRUE,,,,,,,,,
msc financial markets & investments,finance,,,,,,electronic and computer engineering,TRUE,,,,,,,,,
msc global luxury and management,luxury_fashion,,,,,,electrical power engineering,TRUE,,,,,,,,,
msc international business,business_administration_economics,,,,,,biology and earthscience,TRUE,,,,,,,,,
msc international human resources & performance management,business_administration_economics,,,,,,environmental health,TRUE,,,,,,,,,
msc international marketing & business development,business_administration_economics,,,,,,aviation,TRUE,,,,,,,,,
msc international strategy & influence,business_administration_economics,,,,,,energy and evnironmental engineering,TRUE,,,,,,,,,
msc luxury & fashion management,luxury_fashion,,,,,,transportation systems,TRUE,,,,,,,,,
msc luxury hospitality and innovation,luxury_fashion,,,,,,data analytics,TRUE,,,,,,,,,
msc project and programme management & business development,business_administration_economics,,,,,,agrotechnology and food sciences,TRUE,,,,,,,,,
msc strategic event management & tourism management,business_administration_economics,,,,,,animal sciences,TRUE,,,,,,,,,
msc supply chain management & purchasing,business_administration_economics,,,,,,business administration for sme,TRUE,,,,,,,,,
msc sustainable finance & fintech,finance,,,,,,international technical sales management,TRUE,,,,,,,,,
master in management (grande ecole programme),business_administration_economics,,,,,,renewable energies an energy management,TRUE,,,,,,,,,
triple master loyola x skema x lmu,other,,,,,,medical engineering and data science,TRUE,,,,,,,,,
phd in business administration,business_administration_economics,,,,,,modern materials,TRUE,,,,,,,,,
dba in project and programme management,business_administration_economics,,,,,,multimedia communication and documentation,TRUE,,,,,,,,,
master 2 research in management & innovation,business_administration_economics,,,,,,software design,TRUE,,,,,,,,,
bachelor - filière alternance,business_administration_economics,,,,,,electrical engineering and information technology (master),TRUE,,,,,,,,,
bachelor - option international business,business_administration_economics,,,,,,business administration and law,TRUE,,,,,,,,,
bachelor - option logistique et commerce international,business_administration_economics,,,,,,digital real estate management,TRUE,,,,,,,,,
bachelor management international,business_administration_economics,,,,,,international real estate management,TRUE,,,,,,,,,
m2 audit et finance d'entreprise,finance,,,,,,business psychology,TRUE,,,,,,,,,
ms manager des ressources humaines,business_administration_economics,,,,,,business innovation,TRUE,,,,,,,,,
"ms marketing, communication et ingénierie des produits agroalimentaires",journalism_media_studies_and_communication,,,,,,chemistry and applied biosciences,TRUE,,,,,,,,,
ms sciences et management de la filière équine,business_administration_economics,,,,,,faculty of arts and humanities,TRUE,,,,,,,,,
ms str@tégies de développement & territoires,business_administration_economics,,,,,,faculty of human sciences,TRUE,,,,,,,,,
ms stratégie marketing et développement commercial,business_administration_economics,,,,,,faculty of law,TRUE,,,,,,,,,
"ms supply chain, logistique et innovations",business_administration_economics,,,,,,"faculty of management, economics and social sciences",TRUE,,,,,,,,,
msc artificial intelligence for marketing strategy,business_administration_economics,,,,,,faculty of mathematics and natural sciences,TRUE,,,,,,,,,
"msc banking, finance and fintech",finance,,,,,,landscape architecture,TRUE,,,,,,,,,
msc financial data management,finance,,,,,,mechanical engineering | innovation,TRUE,,,,,,,,,
msc international events management,business_administration_economics,,,,,,medical engineering,TRUE,,,,,,,,,
msc international logistics and port management,business_administration_economics,,,,,,raumentwicklung und landschaftsarchitektur,TRUE,,,,,,,,,
msc international marketing and business development,business_administration_economics,,,,,,renewable energies and environmental engineering,TRUE,,,,,,,,,
msc marketing and digital in luxury and lifestyle,journalism_media_studies_and_communication,,,,,,"urban, transport and spatial planning",TRUE,,,,,,,,,
msc supply chain management,business_administration_economics,,,,,,machine learning,TRUE,,,,,,,,,
programme grande école,other,,,,,,natural language processing,TRUE,,,,,,,,,
année optionnelle,other,,,,,,microelectronics,TRUE,,,,,,,,,